id,name,TotalPop,PopDevPct,DemPct,RepPct,WhitePct,MinorityPct,BlackPct,HispanicPct,PacificPct,AsianPct,NativePct,TotalVAP
1,District 1,142315,-2.576688,30.687178999999997,65.119509,78.551023,21.448977,3.8760709999999996,8.887338,0.450684,5.957892,2.419362,106061
2,District 2,144149,-1.321203,31.644177000000003,62.738397,64.820869,35.179131000000005,10.165949000000001,17.043592,1.328744,4.455033,3.9354229999999997,104309
3,District 3,149094,2.063952,47.470737,47.940999,76.770299,23.229701,4.762446,11.407964,0.48111200000000004,4.3056730000000005,3.1203350000000003,123256
4,District 4,149483,2.3302460000000003,46.169001,47.50712,54.860836,45.139164,12.607972,25.294309,0.9342170000000001,4.6041680000000005,4.490583,113571
5,District 5,145354,-0.496307,36.690852,58.11205,71.011712,28.988288,6.705883999999999,14.225119999999999,0.649246,5.1858960000000005,3.5224279999999997,111514
